<?xml version="1.0" encoding="UTF-8"?>

<PublicVariable_Config>

      <PublicVariable name = "TestAgainst">
	   	  <name>WAS</name>
     </PublicVariable>
     
     <PublicVariable name = "Track_IP">
	      <name>10.250.39.31</name>
     </PublicVariable>
     
     <PublicVariable name = "Channel_ID">
	      <name>JOL</name>
     </PublicVariable>
     
     <PublicVariable name = "language">
	      <name>en</name>
     </PublicVariable>
     
	 <PublicVariable name = "Track_Port">
	      <name>9443</name>
     </PublicVariable>
     
	 <PublicVariable name = "Secure_Flag">
	      <name>True</name>
     </PublicVariable>
     
     <PublicVariable name = "IncludeNegativeTest">
	      <name>True</name>
     </PublicVariable>    
       
      <PublicVariable name = "CustomerNoPath">
	      <name>CustomerNoPath</name>
     </PublicVariable>             
       
      <PublicVariable name = "DB_HostName">
	      <name>10.242.25.126</name>
     </PublicVariable> 
     <PublicVariable name = "DB_Port">
	      <name>1521</name>
     </PublicVariable> 
     
      <PublicVariable name = "DB_ServiceName">
	      <name>MWUATT1</name>
     </PublicVariable> 
     <PublicVariable name = "DB_UserName">
	      <name>mw_eai</name>
     </PublicVariable> 
     <PublicVariable name = "DB_Password">
	      <name>mw_eai@uat</name>
     </PublicVariable> 
      <PublicVariable name = "AccountServices_WAS">
	      <name>/BAJ.EAI.WebService.AccountServices_HTTPRouter/AccountServices</name>
     </PublicVariable> 
</PublicVariable_Config>
