<?xml version="1.0" encoding="UTF-8"?>

<URLS>

     <URL name = "yakeen">
	      <name>http://yakeen-piloting.eserve.com.sa/Yakeen4BAJWS/Yakeen4BAJWS</name>
     </URL>
	 <URL name = "AccountServices">
	      <name>http://10.250.22.27:9080/BAJ.EAI.WebService.AccountServices_HTTPRouter/AccountServices</name>
     </URL>
	 <URL name = "AccountServices_MB">
	      <name>https://10.250.39.31:7963/accountServices</name>
     </URL>
     <URL name = "AccountServices_WAS">
	      <name>/BAJ.EAI.WebService.AccountServices_HTTPRouter/AccountServices</name>
     </URL>
     
</URLS>

