<?xml version="1.0" encoding="UTF-8"?>

<PublicVariable_Config>

      <PublicVariable name = "TestAgainst">
	   	  <name>MB</name>
     </PublicVariable>

     <PublicVariable name = "Track_IP">
	      <name>10.250.39.31</name>
     </PublicVariable>
     
     <PublicVariable name = "Channel_ID">
	      <name>JOL</name>
     </PublicVariable>
     
     <PublicVariable name = "language">
	      <name>en</name>
     </PublicVariable>
     
	 <PublicVariable name = "Track_Port">
	      <name>7963</name>
     </PublicVariable>
     
	 <PublicVariable name = "Secure_Flag">
	      <name>True</name>
     </PublicVariable>
     
     <PublicVariable name = "IncludeNegativeTest">
	      <name>True</name>
     </PublicVariable>    
       
      <PublicVariable name = "CustomerNoPath">
	      <name>CustomerNoPath</name>
     </PublicVariable>             
       
      <PublicVariable name = "DB_HostName">
	      <name>10.242.25.126</name>
     </PublicVariable> 
     <PublicVariable name = "DB_Port">
	      <name>1521</name>
     </PublicVariable> 
     <PublicVariable name = "JOL_customerNo">
	      <name>230073</name>
     </PublicVariable> 
      <PublicVariable name = "DB_ServiceName">
	      <name>MWUATT1</name>
     </PublicVariable> 
     <PublicVariable name = "DB_UserName">
	      <name>mw_eai</name>
     </PublicVariable> 
     <PublicVariable name = "DB_Password">
	      <name>mw_eai@uat</name>
     </PublicVariable> 
      <PublicVariable name = "AccountServices_WAS">
	      <name>/BAJ.EAI.WebService.AccountServices_HTTPRouter/AccountServices</name>
     </PublicVariable> 
      <PublicVariable name = "AccountServices_MB">
	      <name>/accountServices</name>
     </PublicVariable> 
      <PublicVariable name = "HTMLReportLocation">
	      <name>C:\\Users\\baj80000445\\BAJ_Automation\\Automation_</name>
     </PublicVariable> 
      <PublicVariable name = "ServiceName_getAccountsListRequest">
	      <name>getAccountsListRequest</name>
     </PublicVariable> 
           <PublicVariable name = "xsd_getAccountsListRequest">
	      <name>C:\Users\baj80000445\BAJ_Automation\Schemas\AccountServices\accountServices.xsd</name>
     </PublicVariable> 
</PublicVariable_Config>
